{
  "gammas": [
    50,
    100,
    200,
    400,
    700,
    1000,
    2000,
    4000
  ],
  "constrained_adaptive": {
    "mean": [
      16.95436986271947,
      12.639112552088,
      8.879479008075984,
      6.850164774746086,
      5.893806096488636,
      5.294762338249851,
      4.405637937400331,
      4.101511223546637
    ],
    "std": [
      0.10444872109135693,
      0.17689505922300416,
      0.22544969848758675,
      0.1308297419471901,
      0.059276063446040625,
      0.026128039476221183,
      0.032619597894548054,
      0.015017727294123788
    ]
  },
  "unconstrained_adaptive": {
    "mean": [
      7.297072788734383,
      5.224935041970845,
      3.5985280487807336,
      2.654623337768538,
      2.8814720930426616,
      40.873160107309424,
      17.523597917622542,
      30.26629129026703
    ],
    "std": [
      0.24221326709017216,
      0.20174539036812347,
      0.19689122407580664,
      0.11363629856037274,
      0.17142467271285805,
      21.29831041759114,
      4.445503721747161,
      6.516620268476189
    ]
  },
  "ceiling": 979.9999999999999
}