{
  "gammas": [
    100,
    300,
    600,
    1000,
    1500,
    2500
  ],
  "constrained_adaptive": {
    "mean": [
      4.408796268485054,
      4.160129778881821,
      3.7890398034959563,
      2.7439695616728086,
      2.0369524205852976,
      4.767634332231239
    ],
    "std": [
      0.026285703274249173,
      0.03235422986796754,
      0.1909818633877931,
      0.5107133067113674,
      0.11180629084390215,
      1.4774885565846685
    ]
  },
  "unconstrained_adaptive": {
    "mean": [
      2.0913720137315956,
      74.50373285212184,
      121.65108290183413,
      149.19308722765462,
      111.81986892514504,
      65.2142947728355
    ],
    "std": [
      0.3713402104678266,
      7.736901476348251,
      11.54801528317769,
      2.8403150745335495,
      9.46161869693261,
      35.25763275040049
    ]
  },
  "ceiling": 140.0
}